{
  "mood": {
    "precision": 0.8571428571428571,
    "recall": 1.0,
    "f1-score": 0.923076923076923,
    "support": 6,
    "confused_with": {}
  },
  "food": {
    "precision": 1.0,
    "recall": 1.0,
    "f1-score": 1.0,
    "support": 3,
    "confused_with": {}
  },
  "micro avg": {
    "precision": 0.9,
    "recall": 1.0,
    "f1-score": 0.9473684210526316,
    "support": 9
  },
  "macro avg": {
    "precision": 0.9285714285714286,
    "recall": 1.0,
    "f1-score": 0.9615384615384615,
    "support": 9
  },
  "weighted avg": {
    "precision": 0.9047619047619047,
    "recall": 1.0,
    "f1-score": 0.9487179487179487,
    "support": 9
  },
  "accuracy": 0.9928057553956835
}